1412718031	0
B000072UMJ	1
B000086Q9O	2
B0001CNJ9Q	3
B0001Z6DLY	4
B0002XROVS	5
B0006UHRJQ	6
B0007RS8SM	7
B000851IMQ	8
B00085FIPO	9
B0009EXOH8	10
B0009J5K2U	11
B0009JE76U	12
B0009JE7CY	13
B0009JE7EW	14
B0009JXXYM	15
B0009KJ0GQ	16
B000ALGYV8	17
B000B2JN6O	18
B000BNQBM2	19
B000ECXZHE	20
B000EOZP2A	21
B000EW7HFU	22
B000FIJVR0	23
B000FRSPF0	24
B000GJYKWY	25
B000GT7NZA	26
B000HE4ON8	27
B000I4S22Q	28
B000IBSZ1W	29
B000IG24OQ	30
B000J498PA	31
B000LPVEWM	32
B000MUDTTW	33
B000MX1Z2W	34
B000NPL7TK	35
B000P0YTRU	36
B000PAYTMU	37
B000PHANNM	38
B000PQK0JA	39
B000PWM1F0	40
B000PYJZZW	41
B000QTZNMK	42
B000QUZY3M	43
B000QWCB2W	44
B000QWGYW0	45
B000R0JC2U	46
B000RPLTOY	47
B000SDXNRQ	48
B000SZUZL6	49
B000T015SC	50
B000TUVRBM	51
B000XA9YLI	52
B000Y68NVI	53
B000YUUU06	54
B000YXLB9C	55
B000Z4ZX0S	56
B000ZM48KQ	57
B00112EL2Y	58
B0012NEYZG	59
B00141ADTW	60
B00149YRB4	61
B0014MGAYS	62
B0015466IK	63
B0017WZTM4	64
B00191VJCW	65
B00191VJVS	66
B001991RMG	67
B0019EGCV2	68
B0019MJY50	69
B001AD5R86	70
B001AEY0B0	71
B001BEHYZI	72
B001BPVC82	73
B001CB1JWE	74
B001CZCV54	75
B001CZETJU	76
B001D95NM2	77
B001D97MAI	78
B001DCFKTU	79
B001DCHFMU	80
B001E5YCQ8	81
B001E5YCUY	82
B001E69C9Y	83
B001EWBWR8	84
B001F6ZFBM	85
B001FFGCOW	86
B001HB719Y	87
B001HC8H2I	88
B001HV4A66	89
B001HZR8JI	90
B001IYNXU6	91
B001KS74PA	92
B001LNNPCK	93
B001LNNPR0	94
B001O0DN6I	95
B001O0DN8G	96
B001OZE5FQ	97
B001PGX1YA	98
B001QDPHTO	99
B001QDRJN6	100
B001R4CAV0	101
B001S2QINM	102
B001SESA5Y	103
B001THTEGE	104
B001TQPD6U	105
B001U93GZ6	106
B001UI0KJ2	107
B001UL8SJS	108
B001URUSWC	109
B001UV4Y82	110
B001VMIBQG	111
B001XP02K4	112
B00201ESGO	113
B00233PEUI	114
B0023NUPEI	115
B0023RT1P8	116
B0025Y5IVA	117
B00264FR1U	118
B00264FRA6	119
B00269KIF0	120
B0026V60NM	121
B00279OHA6	122
B0027VJYYS	123
B00280L0Z4	124
B00280QON2	125
B00280S606	126
B0028K2NYQ	127
B0028K2OHM	128
B0028K2QWU	129
B0028POYU2	130
B0029DNMJM	131
B0029F1JL8	132
B002BMQH6Q	133
B002BSGV84	134
B002BSGVJI	135
B002BSGVPC	136
B002BSGVZW	137
B002BSGWLA	138
B002BSGWWO	139
B002BSGXE6	140
B002BZU3A4	141
B002DUCEBI	142
B002DUCEGS	143
B002DUCFIK	144
B002EB06AM	145
B002EB06DE	146
B002EB06MK	147
B002EKPXP6	148
B002ENRJCI	149
B002F1WCBM	150
B002F4UDE2	151
B002F9MV6K	152
B002FS5BUO	153
B002H3Y3W4	154
B002H9W0AA	155
B002K8PG0Y	156
B002KAW88U	157
B002KMJU16	158
B002KMJU2K	159
B002LE85OQ	160
B002LULXA8	161
B002M3OJO6	162
B002M9UQ4M	163
B002M9WY5G	164
B002O0ZB7Q	165
B002OCZHFK	166
B002OL2BIW	167
B002Q5YCXI	168
B002QFURR8	169
B002R5A4IY	170
B002R5A4O8	171
B002R5A4SO	172
B002R5A52E	173
B002R81AV6	174
B002SG7A02	175
B002SW3EUG	176
B002SW3EWY	177
B002TVUHKQ	178
B002U0KZ0S	179
B002USCHLU	180
B002VEDP0U	181
B002W7XML8	182
B002WG1JEQ	183
B002XE7IQ0	184
B002YUGLDO	185
B002ZKO65I	186
B0030DAHCK	187
B0030XEZCS	188
B0030XF6XU	189
B00313J59U	190
B0032UX5S4	191
B0032W5SVY	192
B0033AYT5Q	193
B0033B7KAG	194
B0033C8FBS	195
B0033YNUJS	196
B0036L28Z0	197
B0036WSVOQ	198
B00378K8AY	199
B00378K8ZY	200
B0037BOERY	201
B0037KLFM2	202
B0037KLG4O	203
B0037NYGCA	204
B0037UYF24	205
B00381ACAG	206
B00383GP64	207
B00384Z2GW	208
B0038F9KUA	209
B0038OTXNA	210
B0038QTBQW	211
B003908U0K	212
B0039824EU	213
B0039824FO	214
B0039824PO	215
B0039824S6	216
B0039824WC	217
B0039VTWHE	218
B003A10DGC	219
B003A720LM	220
B003A86HCE	221
B003AGC7Z2	222
B003AGECBY	223
B003AGFK7E	224
B003AHHF6M	225
B003AIKW6G	226
B003AIKWEI	227
B003AIKWG6	228
B003AIKWGG	229
B003AIKWLQ	230
B003AIKWY8	231
B003AIKXT2	232
B003AIKY8W	233
B003B1ZPY6	234
B003BVJ6GE	235
B003C1QRWY	236
B003CFB9Z0	237
B003CFBA4K	238
B003CFBB76	239
B003CGRBJ2	240
B003D3NWWE	241
B003D3NX2I	242
B003D3NX5K	243
B003DA5Y4Q	244
B003DA5YN2	245
B003DZ11ZC	246
B003E6YEJU	247
B003F2B1CQ	248
B003F7H206	249
B003GPJ2UU	250
B003HIXUK4	251
B003HIXUW2	252
B003HIXX60	253
B003IEUD3E	254
B003IEYCF4	255
B003IF2Q88	256
B003IF2RZA	257
B003IF44GU	258
B003KG9Z84	259
B003KG9ZAM	260
B003KG9ZFW	261
B003KMF51Y	262
B003KTM4DO	263
B003KWBOK0	264
B003KWBONM	265
B003KWLAJK	266
B003L7JMJ4	267
B003LPUNY4	268
B003LPUOJS	269
B003LPUOQG	270
B003LPUOR0	271
B003LPUOU2	272
B003LPUOX4	273
B003LPUP1U	274
B003LPUP56	275
B003LPUP7Y	276
B003M7LXOA	277
B003M7PHOW	278
B003OCPH68	279
B003QOZ732	280
B003TLSR52	281
B003TPM0M4	282
B003VQ78RI	283
B003VYAM3M	284
B003WQR7SW	285
B003XCXKYA	286
B003Y7SFAI	287
B003YCJGYW	288
B003YDDGQU	289
B003YDDH5K	290
B003YDJ3GC	291
B003YMUQ4Q	292
B003YMYCH8	293
B003YMZINA	294
B003YN1P0Y	295
B003YUU1M0	296
B003Z58Y64	297
B003Z58ZU4	298
B003ZDONIE	299
B003ZFZEV2	300
B003ZY79UW	301
B003ZZM0UU	302
B00403MOMU	303
B00404O7M4	304
B00404Q24A	305
B0040GIZ98	306
B0040JGFDI	307
B0040T2RUS	308
B004122ZIS	309
B0041E5W54	310
B0041Q4NXE	311
B00427WWEE	312
B00427YWWO	313
B0042D7IVU	314
B004351674	315
B00435169W	316
B0043532CQ	317
B004353AD2	318
B0043K87ZI	319
B0043M6HK8	320
B0043XG33I	321
B0046DPRLY	322
B004773HIY	323
B004773HOI	324
B004773HYI	325
B0047EH5PS	326
B0047HBGDM	327
B00481K9VM	328
B00481KASE	329
B00481KAUC	330
B00481KB92	331
B00481O7R4	332
B0048AW4UW	333
B004A9M2E4	334
B004A9PH7I	335
B004D5GPDO	336
B004DKC2AE	337
B004DTDYCU	338
B004DTIS0I	339
B004E8GIBO	340
B004E8IPNI	341
B004EDEREE	342
B004F1CEZ4	343
B004FEEZ30	344
B004FLKN5M	345
B004FV68N8	346
B004G0ABUO	347
B004G0ABZE	348
B004G1ARRA	349
B004G4QU82	350
B004H4WHEW	351
B004H4WHN8	352
B004H4WI3W	353
B004H4WI6Y	354
B004H4WI9G	355
B004H4WICS	356
B004H62U9W	357
B004HOFXXO	358
B004HX2540	359
B004HX50LK	360
B004HX70EA	361
B004IPMUTC	362
B004IPUQH0	363
B004IQ2D7K	364
B004IZP49U	365
B004J0Y97W	366
B004JHXKTI	367
B004JHXKV6	368
B004JMZU1O	369
B004JV74VY	370
B004JYHNEY	371
B004JZYGQ6	372
B004K6KM8A	373
B004K6KM8K	374
B004K6KM8U	375
B004L6FVZS	376
B004LQ1GA2	377
B004LVOVXG	378
B004LVOW2Q	379
B004LVOW44	380
B004LVOW5I	381
B004LVOWE4	382
B004LVOZY6	383
B004LVP0AE	384
B004LVP1L2	385
B004LVP2CA	386
B004LVP3IS	387
B004LVP3OW	388
B004LVP3S8	389
B004LVP46E	390
B004LWZ14I	391
B004LWZ2C4	392
B004LWZ2P6	393
B004LWZ30K	394
B004MMSDA6	395
B004MSWL1M	396
B004MTOSHQ	397
B004N287K6	398
B004N7SZVC	399
B004NECDB8	400
B004NELEN6	401
B004NN9U74	402
B004NQYCOW	403
B004NSUTQU	404
B004NYAVG2	405
B004O8M304	406
B004OA7QSG	407
B004OA7QUY	408
B004OA7QY0	409
B004P4ZDIQ	410
B004PBRGUC	411
B004PLX6H4	412
B004Q8D8HO	413
B004QFD4GC	414
B004QFNYBW	415
B004QL5IUG	416
B004R1CJPM	417
B004RQ170A	418
B004RQ179G	419
B004RQ3244	420
B004S6XXOW	421
B004TG3N28	422
B004TWZN70	423
B004TXTD02	424
B004TXTHD0	425
B004TXTLX6	426
B004TXW3Y0	427
B004U3073S	428
B004UAAIVC	429
B004UOTP9Y	430
B004W7C6M2	431
B004W7C6MW	432
B004WFXRUE	433
B004WI3GU2	434
B004WI3GWA	435
B004WI3GX4	436
B004WI3GXE	437
B004WI3H2O	438
B004WI3H92	439
B004WI3HFQ	440
B004WI3HW4	441
B004WI3I3M	442
B004WI3I50	443
B004WI8E90	444
B004WI8ENQ	445
B004WI8F1C	446
B004WIQ7QM	447
B004WIQ7QW	448
B004WIQ89S	449
B004WJ2IBO	450
B004WJ2IBY	451
B004WJ2IYG	452
B004WJ2JA4	453
B004WJ2JB8	454
B004X4IZA6	455
B004XIBBHQ	456
B004XN1KEA	457
B004XVXIFG	458
B004YIFXAQ	459
B004ZBMF9O	460
B004ZBNT8U	461
B004ZBPQQ8	462
B004ZX7ZSS	463
B004ZX8050	464
B004ZX8096	465
B0050DT11Q	466
B0050DZEVM	467
B0050IRMG2	468
B0050SN6MQ	469
B00535JGNE	470
B0054KB0SC	471
B0054OTMEM	472
B0054OU5EI	473
B00553RFQE	474
B00556WKC0	475
B00556WNAO	476
B0055B35SS	477
B0055B35UG	478
B0055B36CS	479
B0055B37YK	480
B0055MUDYG	481
B0055PIKPW	482
B0056G4QRQ	483
B00571F44O	484
B0057A0K76	485
B0057DEFS8	486
B0057U7NHQ	487
B0057U7PJW	488
B0057U7Q64	489
B0057U7R0O	490
B0057U7RFO	491
B0057U7V32	492
B0057U7V4G	493
B0057U7VVY	494
B0057U7VXW	495
B0058W3LM4	496
B005A2FJTA	497
B005ADKUZ2	498
B005APOPVU	499
B005APOT52	500
B005BZ346G	501
B005C81568	502
B005CEKWNE	503
B005CK124G	504
B005CVHJ9M	505
B005CWTHU0	506
B005CXTFBK	507
B005D6NU3U	508
B005D7PAXM	509
B005DD6ACQ	510
B005DJ8BJU	511
B005DJ8EHE	512
B005DJ8G86	513
B005DM0ADC	514
B005DM0AF0	515
B005DM0B7W	516
B005DN3F9C	517
B005DSRUPC	518
B005E1EXE4	519
B005E7T898	520
B005EM41IQ	521
B005EM5AOA	522
B005EOADCC	523
B005EPMO1E	524
B005EPMO7S	525
B005F8AKFW	526
B005FCWW6S	527
B005FDVQBY	528
B005FIUV9M	529
B005GL5OY0	530
B005GL5PTE	531
B005GPZV08	532
B005GT5C8U	533
B005GT7GWA	534
B005GT7HC4	535
B005GTDXHC	536
B005GTDY1M	537
B005GTDY2Q	538
B005GTMBYS	539
B005GTPZ7S	540
B005GTQ004	541
B005GTQ0XQ	542
B005GTQMZC	543
B005GYWRMY	544
B005GYWSOG	545
B005GYWSOQ	546
B005H3OJ0C	547
B005H3OKD8	548
B005H3OM1I	549
B005H3OSIK	550
B005H67EHE	551
B005HILJT6	552
B005I5YRHO	553
B005I613QG	554
B005I6P9IY	555
B005IXZ61C	556
B005JJ1OJI	557
B005JJ2DFC	558
B005JVJ088	559
B005KC8NH0	560
B005KMLX0Y	561
B005LR4UWQ	562
B005MHGFU0	563
B005MHGJ56	564
B005MZEB9Y	565
B005N3UB8A	566
B005N78NXG	567
B005N78TX0	568
B005N78U0M	569
B005NK7RAI	570
B005NX1IVY	571
B005NX1VTS	572
B005NX26CE	573
B005NX2DE0	574
B005NX2JEY	575
B005NX2ZAM	576
B005NXF374	577
B005O1MQ7A	578
B005P68KDI	579
B005Q7UG0Q	580
B005Q7UTOO	581
B005Q7UTOY	582
B005Q7UWW8	583
B005Q7UX22	584
B005Q7V0EM	585
B005Q7V2OU	586
B005Q7V9B6	587
B005Q7VHBS	588
B005Q7VPHY	589
B005Q7VTKC	590
B005Q7VVOQ	591
B005Q8LT8S	592
B005Q8LUJQ	593
B005Q8LV9U	594
B005Q8LWS0	595
B005Q8LY24	596
B005QBGPBG	597
B005S6AJS4	598
B005S6AW7C	599
B005S6AXRG	600
B005TR6G0C	601
B005UUZ1FE	602
B005V00E50	603
B005VIFUEC	604
B005WIBCNY	605
B005XK826Q	606
B005XZCW2Q	607
B005ZVIVUK	608
B005ZXTBPM	609
B00606NIP2	610
B0060G1A3O	611
B0061MQ42Y	612
B0061MQA14	613
B0061MQC9O	614
B0061MQDHK	615
B0061MQGCM	616
B0061MQWLW	617
B0061MR66C	618
B006422KXS	619
B0064ZHG3Y	620
B00658OSFE	621
B00662PO8E	622
B00663EH5O	623
B0067VMZHM	624
B0067W16OE	625
B00681BAXQ	626
B00682R8WC	627
B0068565F0	628
B00686RB0M	629
B00686WQNY	630
B00689Z4D0	631
B00695DGEW	632
B00695Q7ZC	633
B0069GUAHW	634
B0069UQV8A	635
B006BY1R6K	636
B006BY1ZNU	637
B006E88B8K	638
B006EXMB18	639
B006EXMBFY	640
B006G7JWFA	641
B006G7JXN6	642
B006G7JXOA	643
B006G7JXRM	644
B006G7JZBQ	645
B006H5LOFW	646
B006IY0UKW	647
B006IY34D2	648
B006IY3SXS	649
B006IYSYKK	650
B006JH2MFO	651
B006KXVIKM	652
B006KXVKIW	653
B006KXVLPO	654
B006LNUAXW	655
B006LRPBUU	656
B006LWAROA	657
B006P4NDFE	658
B006RHNPEI	659
B006SU1T6K	660
B006SU1TCY	661
B006SU1UAK	662
B006SU3DG4	663
B006SVWDZK	664
B006SVWGUW	665
B006TJIOXQ	666
B006TK2ZXK	667
B006TKQIEM	668
B006VCV5R8	669
B006VCV5X2	670
B006VCV5YQ	671
B006VCV63G	672
B006VCV8P2	673
B006VCV974	674
B006VCV988	675
B006VDEMKE	676
B006VOL78I	677
B006W8WLTW	678
B006W8WMP0	679
B006W8WPZW	680
B006WU7LD6	681
B006X4MERY	682
B006X4YW4C	683
B006X564LU	684
B006X7BL5M	685
B006Y7KB66	686
B006ZBMJK2	687
B00700ETIM	688
B0070ML5BO	689
B007177EZE	690
B0071BVNQ6	691
B0071BVOG0	692
B0071NQ1ZW	693
B0071P6GRS	694
B0071P6KNI	695
B0071P6LZA	696
B0071P6MFO	697
B0071U7TMO	698
B0071U7W76	699
B0071U8NKG	700
B0071UAVDS	701
B0072DYKV8	702
B0072R6UD0	703
B0073012BG	704
B0073AFAMI	705
B0073AFB86	706
B0073BQTY0	707
B0073C0XFA	708
B0073C0XFK	709
B0073N1XKI	710
B0073PJHLS	711
B00740HN7W	712
B00740HO62	713
B00740HQGK	714
B00742VRRC	715
B00742VS80	716
B00742XDOC	717
B00742XDOM	718
B00743666S	719
B0074ASOSE	720
B007643WFS	721
B0078T5FAQ	722
B00793BB2M	723
B007A2OGV0	724
B007B6V6ZE	725
B007B9K8U0	726
B007C1FB86	727
B007C1FVTU	728
B007C1I9AS	729
B007C1I9DA	730
B007C1IB4C	731
B007C1IBAG	732
B007C1M8BO	733
B007C1MBDY	734
B007C1MD0U	735
B007C22XPY	736
B007C22YQC	737
B007C2BOJ0	738
B007C2BPDU	739
B007C2E938	740
B007C2E942	741
B007C2ISS0	742
B007C2PV4E	743
B007C2PV4O	744
B007C2PV5I	745
B007C2PV5S	746
B007C2PV62	747
B007C3ZIKU	748
B007C3ZILY	749
B007C42IGQ	750
B007C4GGOQ	751
B007C4GHVI	752
B007CLTRFY	753
B007CLTUX8	754
B007CRR6XS	755
B007CRR6Y2	756
B007CRTEAQ	757
B007E59R1W	758
B007E5B8UU	759
B007EIMZSG	760
B007F3482G	761
B007F3579E	762
B007FP3CU8	763
B007G4LBME	764
B007G9S21W	765
B007GA7HHQ	766
B007GACL1I	767
B007GAP7HI	768
B007GAP7JQ	769
B007GB5VZ0	770
B007GB5VZU	771
B007GB5W0O	772
B007GB8EYK	773
B007GB8EYU	774
B007GBCRA2	775
B007GBH7D4	776
B007GBIWZ6	777
B007GBIX0A	778
B007GT8U28	779
B007GT8U4G	780
B007GTBC32	781
B007GTDB7M	782
B007HCIW0O	783
B007JEXXLI	784
B007LKTX78	785
B007M7FOQY	786
B007M8ZMRO	787
B007O38I46	788
B007POWV4M	789
B007R0F6DM	790
B007RZIUAS	791
B007SU31SS	792
B007SU3S8Q	793
B007SU3TY4	794
B007SU3V4M	795
B007SZL8MO	796
B007TWRGWM	797
B007V2L82Y	798
B007VB8SM8	799
B007VCQNKQ	800
B007VMJMXQ	801
B007WRUYUA	802
B007X4ORLY	803
B007X63CYK	804
B007XD7LNQ	805
B007XDAXCC	806
B007XDAZ84	807
B007XDB3SU	808
B007XONT2M	809
B007XONWPQ	810
B007XP0VTK	811
B007XP1QC6	812
B007XVL51C	813
B007YJ2EYK	814
B007YJ2FVC	815
B007YJ2FWQ	816
B007YJ2G5M	817
B007YJ2GC0	818
B007ZKR42A	819
B007ZLM1AY	820
B007ZZGR28	821
B007ZZGR2S	822
B007ZZGR32	823
B007ZZJ5A4	824
B007ZZMW72	825
B007ZZN1H2	826
B007ZZN4HY	827
B007ZZQQWE	828
B007ZZQQXI	829
B0080R16W6	830
B0080R1770	831
B00813V4QC	832
B00814ZDSQ	833
B00814ZDW2	834
B0081HQSD2	835
B0081MQLG6	836
B0081MQLGG	837
B0081NO0EK	838
B0081O27JE	839
B0081PFNW6	840
B0081QDU34	841
B0081U019G	842
B0081U02UO	843
B0081U03NU	844
B0081U07EA	845
B0081U1HBW	846
B0081U253G	847
B0081U26SK	848
B00822BTCG	849
B00822C4E8	850
B00822CB4G	851
B00823BZHO	852
B00824PVT6	853
B0082PF9ME	854
B0082PFELU	855
B0082PFF1E	856
B0083REHVU	857
B0083VS9ZG	858
B0083WO3YG	859
B00840RQOQ	860
B00840RS12	861
B00840RTH0	862
B00840RU1A	863
B00840RUT2	864
B00842RJYG	865
B00844HNOK	866
B0084D607C	867
B0084D7MPQ	868
B0084DGJ4Q	869
B0084DGK1S	870
B0084DGK22	871
B0084DGKQ8	872
B0084DYGOQ	873
B0084FJJM8	874
B0084ZI14K	875
B0084ZI15Y	876
B0085IT7NK	877
B0085ITMRG	878
B0085JHU2O	879
B0085MCJCW	880
B0085MCK0S	881
B0085WI3EA	882
B0085WU7SU	883
B0086ZVLTK	884
B0086ZVM5S	885
B00873E5MG	886
B0087AQVNU	887
B0087AQVSA	888
B0087AQW7K	889
B0087AX8HM	890
B0087AX8SQ	891
B0087AXA4I	892
B0087AXAJS	893
B0087AXAM0	894
B0087W7YF2	895
B0088IO83Q	896
B0088URYE4	897
B0088X1JII	898
B008AW1HK2	899
B008AZ4X1E	900
B008BBBY4G	901
B008BP0L46	902
B008BSNGSQ	903
B008BT5OLC	904
B008BT5TYE	905
B008CHG5B6	906
B008CLJJKQ	907
B008CZ3LGA	908
B008CZ3MHS	909
B008CZ3P9I	910
B008D3AWWM	911
B008D3AWYU	912
B008D3B9B0	913
B008D3BNQG	914
B008D3BX2U	915
B008D3C31K	916
B008D3C4GE	917
B008D3C4HS	918
B008D3C91Y	919
B008D3RJ7I	920
B008D3RN60	921
B008EDMGXY	922
B008EHO016	923
B008EHO2EQ	924
B008EHO3GS	925
B008EHO4KS	926
B008EHO5C0	927
B008ENQTUK	928
B008ESE1PA	929
B008FJIS6Q	930
B008FMRT68	931
B008FMRUA8	932
B008FMRYMC	933
B008FMRYN6	934
B008FMSA6G	935
B008FN8K74	936
B008FN8OFC	937
B008FNIKCO	938
B008G3ZSXM	939
B008G40B8I	940
B008GVZOYC	941
B008H86SNA	942
B008IIO7SC	943
B008J3HSFA	944
B008J8MZIU	945
B008J8N598	946
B008J8N8QS	947
B008JD40QK	948
B008JD40RY	949
B008JD40U6	950
B008JDYQPU	951
B008JHVRJO	952
B008KAWGH2	953
B008KFCDAM	954
B008KFCED8	955
B008KFCUFA	956
B008KFDD06	957
B008KKKAZ2	958
B008KL7IWE	959
B008KMS89A	960
B008KR0QZE	961
B008L6M2ME	962
B008N5PG2Q	963
B008NYSN4A	964
B008OPFX82	965
B008OPX442	966
B008OVS2LG	967
B008PDCMUK	968
B008PF8DYM	969
B008Q766WU	970
B008R7SMTE	971
B008R80YWQ	972
B008REU16E	973
B008REY7B4	974
B008RIFY8A	975
B008RILTLQ	976
B008RJKDYY	977
B008UAS35Q	978
B008ULGZXC	979
B008V0EXCM	980
B008VBJHTU	981
B008VULCV2	982
B008X32EA0	983
B008X6Y0WC	984
B008Y1D6VC	985
B008YHF4TI	986
B008YJN6UU	987
B008Z999KU	988
B0090OM1F4	989
B0091V5HFW	990
B0092BO4VO	991
B0092G0C7E	992
B0092G5T18	993
B00933BTKK	994
B00948U950	995
B0094FEBWK	996
B0094FEDH8	997
B0094FTXIM	998
B0095PD9L8	999
B0096RFBG6	1000
B0098LNDK6	1001
B0098T4PSW	1002
B009A2YIWU	1003
B009ACKWYS	1004
B009ACKX4W	1005
B009ACL12K	1006
B009BAW54O	1007
B009CBNWKI	1008
B009E6SAG2	1009
B009EC6SQK	1010
B009FHIRC2	1011
B009FHJ78U	1012
B009FHJJBK	1013
B009FHN0CO	1014
B009FHN682	1015
B009FHNHBI	1016
B009G3VE2U	1017
B009G48UCG	1018
B009G4BYX8	1019
B009G6MRLE	1020
B009G6TAQE	1021
B009GEVFB4	1022
B009HJFEHO	1023
B009I1L09M	1024
B009I1OK30	1025
B009I663XU	1026
B009IXCT0E	1027
B009IY1Z76	1028
B009K98VDK	1029
B009KRBI46	1030
B009L6B5H6	1031
B009M2YYPO	1032
B009M2Z87C	1033
B009MAW0A2	1034
B009N24UI4	1035
B009OA4UPS	1036
B009OA4V20	1037
B009PNYHDO	1038
B009Q5CYC2	1039
B009QZKNAM	1040
B009QZKNC0	1041
B009QZKTJW	1042
B009QZKVMC	1043
B009QZKWUS	1044
B009QZKXRK	1045
B009RPB3JG	1046
B009RPB3L4	1047
B009S4CYRG	1048
B009S4CYRQ	1049
B009S4D196	1050
B009SI913M	1051
B009T576A4	1052
B009T57776	1053
B009TRLWSO	1054
B009UOWE88	1055
B009VEAZLK	1056
B009W4ADNY	1057
B009WP9M9E	1058
B009X4U5MC	1059
B009X4UGLM	1060
B009X4UWOS	1061
B009X4UYXW	1062
B009X4V3XW	1063
B009X4VRHE	1064
B009X4W37C	1065
B009X4XC4A	1066
B009X4XF7Y	1067
B009X4XLB4	1068
B009X4XYPM	1069
B009X4YC4Y	1070
B009Y7RZ8U	1071
B009YSN592	1072
B009ZB3JLW	1073
B009ZB3SFO	1074
B009ZX64CQ	1075
B009ZX6ZGG	1076
B00A02GYXK	1077
B00A02H5Z6	1078
B00A166QUG	1079
B00A16ETPU	1080
B00A2XF07I	1081
B00A309ZM6	1082
B00A30AWCS	1083
B00A39KPE4	1084
B00A4TT5KS	1085
B00A7T92F8	1086
B00A8D5HCK	1087
B00A8D5MCK	1088
B00A8D5MQG	1089
B00A9S193U	1090
B00A9S1FQG	1091
B00A9S1FRU	1092
B00A9S1GWE	1093
B00A9S1GY2	1094
B00A9S1GYC	1095
B00AACAV8E	1096
B00ABBP9FO	1097
B00ABBPB7K	1098
B00ABGCVV4	1099
B00ABGD26C	1100
B00ABV2YJS	1101
B00ACB6GBY	1102
B00ACFADQY	1103
B00ACWZTSY	1104
B00ACWZWY0	1105
B00ACX09XS	1106
B00ACX1L6W	1107
B00ADJBGLA	1108
B00ADSJRVM	1109
B00AEB6V62	1110
B00AEB6ZV8	1111
B00AEB76XO	1112
B00AEMS100	1113
B00AERZGTE	1114
B00AESRGPK	1115
B00AGYIFBQ	1116
B00AGYIH6Y	1117
B00AH6WVC2	1118
B00AH6X1VM	1119
B00AHOQ620	1120
B00AHOQ62K	1121
B00AHOQ63E	1122
B00AHOQ648	1123
B00AHOQ74W	1124
B00AHOQE86	1125
B00AJ355CQ	1126
B00AJK6L4A	1127
B00AJWYKNM	1128
B00AKFYSX0	1129
B00AKFYY2U	1130
B00AKFZBAE	1131
B00AKFZTWY	1132
B00AKGPQJY	1133
B00AKGT0AK	1134
B00AKGTQOA	1135
B00AM7IGSE	1136
B00AMAF4UY	1137
B00AMB004S	1138
B00AMB0052	1139
B00AMB01J2	1140
B00AMB01JC	1141
B00AMB01O2	1142
B00AMB01OM	1143
B00AMB047Q	1144
B00AMB04W6	1145
B00AMC3GXY	1146
B00AMC3GYI	1147
B00AMC9412	1148
B00ANKOQSO	1149
B00ANKOQSY	1150
B00ANKOROC	1151
B00ANKOSL4	1152
B00ANKOTK4	1153
B00ANKOUE4	1154
B00ANMJ3BM	1155
B00ANMJS7Q	1156
B00ANZW2OY	1157
B00AO2HBDS	1158
B00AO2HCSM	1159
B00APBGCCY	1160
B00APV0LQC	1161
B00APV554A	1162
B00APV9UF0	1163
B00APVH8UE	1164
B00APVIFCO	1165
B00AQDLBOA	1166
B00AQE3TZS	1167
B00AQJTAMO	1168
B00AQK46UE	1169
B00AQK4M9Y	1170
B00AQK4VT0	1171
B00AQK4YGA	1172
B00AQK58VA	1173
B00AQK6GSO	1174
B00AQK92JE	1175
B00AQKA2AM	1176
B00AQKBBCU	1177
B00AR8Y53I	1178
B00AR8Y6P0	1179
B00ARDCC1U	1180
B00ARDCC3S	1181
B00ARDCCNI	1182
B00ARDCDBY	1183
B00ARDCFGC	1184
B00ARDCFGM	1185
B00ARDCG52	1186
B00ARDD4XK	1187
B00ARDD4Y4	1188
B00ARDD50M	1189
B00ARDD51Q	1190
B00ARDD5F2	1191
B00ARDD5FW	1192
B00ARDD5HA	1193
B00ARDD5HU	1194
B00ARVTF9O	1195
B00ARVTL1Q	1196
B00ARVTLCK	1197
B00ARY90KU	1198
B00ASPN20M	1199
B00ASPO1DE	1200
B00ASPOJHW	1201
B00ASPPQ8I	1202
B00ASPQA4W	1203
B00ASPRGQS	1204
B00ASPS2HA	1205
B00ATCBQTI	1206
B00ATCBS1Y	1207
B00ATCBS28	1208
B00ATCBTRC	1209
B00ATCBTS6	1210
B00ATCBUGC	1211
B00ATCBUHQ	1212
B00ATCBUYE	1213
B00AVFSCMM	1214
B00AVFSNI0	1215
B00AVS87TW	1216
B00AVS87UG	1217
B00AW783FU	1218
B00AW783GO	1219
B00AW783H8	1220
B00AWMC3VK	1221
B00AX3O5SC	1222
B00AX7K6WM	1223
B00AY8M3IU	1224
B00AYAI0VC	1225
B00AYS8SY8	1226
B00AYS8U1Y	1227
B00AYS8U3W	1228
B00AYUQZJG	1229
B00AYX8N5C	1230
B00B0D05I8	1231
B00B0DGHBC	1232
B00B0H6DX0	1233
B00B0PN0CO	1234
B00B1OTOQU	1235
B00B1TLK8A	1236
B00B1TTRE4	1237
B00B1TU644	1238
B00B1UC49I	1239
B00B2GF8X0	1240
B00B3A0G32	1241
B00B3A0LTG	1242
B00B4NJD0K	1243
B00B4W2YE8	1244
B00B5ECSN2	1245
B00B5FFHTS	1246
B00B5PV0C6	1247
B00B5PV2N8	1248
B00B5PV3FA	1249
B00B5QVEGC	1250
B00B5U6MDS	1251
B00B5U6N2I	1252
B00B5WSHZ2	1253
B00B71CC4I	1254
B00B71CJB4	1255
B00B71CM6G	1256
B00B7AHTUQ	1257
B00B80ULAA	1258
B00B8NGBHY	1259
B00B9AVXUG	1260
B00B9RGOXU	1261
B00B9RL520	1262
B00BAXL6N6	1263
B00BBRL1W2	1264
B00BBT76PQ	1265
B00BBTW5UW	1266
B00BBTW84K	1267
B00BBTX3GM	1268
B00BBUKCVU	1269
B00BBUKFW6	1270
B00BBVAK34	1271
B00BBW8ZO4	1272
B00BC9Z1U2	1273
B00BCYDJV0	1274
B00BCYDJWE	1275
B00BCYDJX8	1276
B00BCYDR08	1277
B00BCYDSKW	1278
B00BEC81WM	1279
B00BF3EH0A	1280
B00BFCJV6G	1281
B00BFHCM8A	1282
B00BFRC5P0	1283
B00BGPCIRQ	1284
B00BI0WN8S	1285
B00BIKZ6EQ	1286
B00BILHRFG	1287
B00BJOHYUA	1288
B00BKZ9NUM	1289
B00BKZPV7Q	1290
B00BLSX1CY	1291
B00BLSXLPG	1292
B00BLSXQ9M	1293
B00BMC4UP6	1294
B00BONNLAI	1295
B00BONNO14	1296
B00BONNPRC	1297
B00BONNQ6W	1298
B00BONNQVM	1299
B00BONNRGG	1300
B00BONNT6E	1301
B00BONNUEU	1302
B00BONNV3K	1303
B00BPRQ2GI	1304
B00BPXITS6	1305
B00BRE6Y7G	1306
B00BUOWT7M	1307
B00BXX27B8	1308
B00C2G762A	1309
B00C40PPW2	1310
B00C40S2XQ	1311
B00C40SBEQ	1312
B00C40SMAY	1313
B00C40T5UU	1314
B00C40V4V8	1315
B00C40YDI4	1316
B00C40ZDOW	1317
B00C40ZI4C	1318
B00C40ZIPG	1319
B00C410USU	1320
B00C41GGHO	1321
B00C86VSVY	1322
B00C86VXRI	1323
B00C8QBF7Q	1324
B00C8QC17E	1325
B00C9EFSB6	1326
B00C9VSZDM	1327
B00C9VUO40	1328
B00C9XPGJ6	1329
B00CAS2ASA	1330
B00CBR7U3A	1331
B00CBR7YQI	1332
B00CBSWDCW	1333
B00CBT13Y0	1334
B00CC6ZC2Q	1335
B00CC6ZJTC	1336
B00CC6ZM44	1337
B00CC6ZRBW	1338
B00CC6ZRGM	1339
B00CC6ZRLC	1340
B00CC6ZTLU	1341
B00CC6ZUFK	1342
B00CC6ZUUU	1343
B00CC6ZVTU	1344
B00CC7EOXS	1345
B00CC7EPJG	1346
B00CC7EREE	1347
B00CC7ERHG	1348
B00CC7ERHQ	1349
B00CC7ESDE	1350
B00CC7EZJQ	1351
B00CC7EZKA	1352
B00CC7F2H0	1353
B00CC7F3AQ	1354
B00CC7F3BU	1355
B00CC7F6CG	1356
B00CC7F76Q	1357
B00CC7F7ZW	1358
B00CC7F8KG	1359
B00CD9JFFW	1360
B00CDWUMNI	1361
B00CE3HC2U	1362
B00CE3HG44	1363
B00CE3HGYO	1364
B00CE3HIOC	1365
B00CE3HIP6	1366
B00CE3HITC	1367
B00CE3HJDC	1368
B00CE3HK2M	1369
B00CE3HK3G	1370
B00CE3HK3Q	1371
B00CE3HLF8	1372
B00CE3HM8E	1373
B00CE3HZ72	1374
B00CE3I3Q4	1375
B00CE3I4UY	1376
B00CE3I76U	1377
B00CE3I8VY	1378
B00CE3IBVG	1379
B00CE3IJHW	1380
B00CE3ISIW	1381
B00CE3ISKK	1382
B00CE3IU44	1383
B00CE3IVO8	1384
B00CE3IX6E	1385
B00CE3IXVY	1386
B00CE3J0T8	1387
B00CE3J3O0	1388
B00CE3J6FQ	1389
B00CE3J8P4	1390
B00CE3JAFW	1391
B00CE3JEYO	1392
B00CEZG5M6	1393
B00CF46NJQ	1394
B00CF9V1WA	1395
B00CFQF5G6	1396
B00CFX35CK	1397
B00CFX35WK	1398
B00CFX3FI4	1399
B00CFYE3HK	1400
B00CFZEXVA	1401
B00CG08MVG	1402
B00CG08QGM	1403
B00CG08V4Y	1404
B00CG08YWS	1405
B00CGV5UYW	1406
B00CHHV3L4	1407
B00CHHV472	1408
B00CHHV7B0	1409
B00CHHVBXY	1410
B00CHJIRJ8	1411
B00CHZMSHE	1412
B00CHZMYZU	1413
B00CHZN92W	1414
B00CHZNIZA	1415
B00CHZNM56	1416
B00CHZNRS8	1417
B00CI0F0M8	1418
B00CI0G7RU	1419
B00CI0IBII	1420
B00CI1YSCU	1421
B00CI59S3K	1422
B00CJ4YY02	1423
B00CJ4YYKM	1424
B00CJ4ZAB4	1425
B00CJ4ZL2C	1426
B00CJ55B9Y	1427
B00CJ55C7A	1428
B00CJ55G8A	1429
B00CJ55MZC	1430
B00CJB7MWW	1431
B00CKIH0BM	1432
B00CKIH5A8	1433
B00CKIH5OO	1434
B00CM6TUDI	1435
B00CNKP9EC	1436
B00CNKPK96	1437
B00CNKPRAI	1438
B00CNT6TLU	1439
B00CO0JVYU	1440
B00COG33Q6	1441
B00COH41RK	1442
B00CPN5O1K	1443
B00CQ4995A	1444
B00CQ4ANJG	1445
B00CQ4B0UM	1446
B00CQ4BBIS	1447
B00CQ4BNH2	1448
B00CQ4CQNW	1449
B00CQ4CR6S	1450
B00CQ4D0OQ	1451
B00CQ4EGNU	1452
B00CR352VK	1453
B00CR36DH2	1454
B00CS18AVK	1455
B00CS1A8KQ	1456
B00CS1SN58	1457
B00CS1T94W	1458
B00CU8CHNI	1459
B00CUEIVFK	1460
B00CWH2NTU	1461
B00CXOP5DS	1462
B00CXVLUNU	1463
B00CYKCAOI	1464
B00CYX4FR0	1465
B00CZ4ZXW4	1466
B00D013SE6	1467
B00D077AUI	1468
B00D1CZBSA	1469
B00D1CZJJQ	1470
B00D1CZRT8	1471
B00D23MDMK	1472
B00D2C6IEU	1473
B00D2C6UF2	1474
B00D2C7MSQ	1475
B00D2C86CM	1476
B00D2YUNF8	1477
B00D3G12LY	1478
B00D3RC7Z8	1479
B00D3RCP6Y	1480
B00D3RDF54	1481
B00D3RDQGW	1482
B00D3REUAS	1483
B00D3RF5OI	1484
B00D3ZSG00	1485
B00D5RL5CW	1486
B00D5SC4WG	1487
B00D5SCY1M	1488
B00D69SZ04	1489
B00D69SZ0O	1490
B00D6C9UUA	1491
B00D6C9UV4	1492
B00D6C9VGI	1493
B00D6C9ZBY	1494
B00D6CA342	1495
B00D6CA8VU	1496
B00D6CAFJA	1497
B00D6CAM7U	1498
B00D6CAN60	1499
B00D6CAO7S	1500
B00D6CASHO	1501
B00D6CAUFE	1502
B00D6CB0HG	1503
B00D6D13M2	1504
B00D7A2NZK	1505
B00D7BB17A	1506
B00D7INRRA	1507
B00D840RZI	1508
B00D8771K4	1509
B00D8778Z2	1510
B00D8A00RW	1511
B00D8A01XA	1512
B00D8HO2M4	1513
B00D9OA3J2	1514
B00D9OAS4M	1515
B00D9OATGO	1516
B00D9OCD9A	1517
B00D9OD2HW	1518
B00D9OD2JA	1519
B00D9ODEWK	1520
B00D9ODKOC	1521
B00DCAZ244	1522
B00DEKVF3O	1523
B00DEL4H2O	1524
B00DENZZ96	1525
B00DEO5AHM	1526
B00DF0S7JS	1527
B00DF0SHDE	1528
B00DF0T0OY	1529
B00DF0TKX0	1530
B00DF0UJP8	1531
B00DF0UJQ2	1532
B00DF0UMZK	1533
B00DFLPUA6	1534
B00DG8AS7S	1535
B00DGCVJSQ	1536
B00DGM44YM	1537
B00DGM4514	1538
B00DGM45GO	1539
B00DGM45HS	1540
B00DGM4DVG	1541
B00DGM4RAI	1542
B00DGM4YKG	1543
B00DGM5F36	1544
B00DGM5GOE	1545
B00DGM5I7O	1546
B00DGM5JHI	1547
B00DGM5LZS	1548
B00DGM5M9S	1549
B00DGM5NTM	1550
B00DGM7CPA	1551
B00DGM7G2Y	1552
B00DGM7HD2	1553
B00DGS7KT2	1554
B00DH1O30C	1555
B00DH1V5WQ	1556
B00DH1W2RS	1557
B00DH1YEIS	1558
B00DH20G5C	1559
B00DH21XQI	1560
B00DH22VIC	1561
B00DI3NNIC	1562
B00DII3W7E	1563
B00DKLQVKO	1564
B00DM1X55Q	1565
B00DM21K66	1566
B00DM27ZIS	1567
B00DM280SW	1568
B00DM285KK	1569
B00DM2878K	1570
B00DM28FQO	1571
B00DM35SOA	1572
B00DN13E4M	1573
B00DN3TW0U	1574
B00DN8DEPE	1575
B00DN9E5ZG	1576
B00DO7GYVK	1577
B00DOO1U1W	1578
B00DP25AGE	1579
B00DPEO6DK	1580
B00DPEO6R6	1581
B00DPEOEYG	1582
B00DQ1UTME	1583
B00DQ4JSIM	1584
B00DQ4JZSU	1585
B00DQ4KLZ6	1586
B00DQ4L2GS	1587
B00DQ4LB8W	1588
B00DQ4LFKQ	1589
B00DQV7G8O	1590
B00DQVFSNE	1591
B00DRBMT5S	1592
B00DRED0V2	1593
B00DRED0YO	1594
B00DRED4VS	1595
B00DRED5N0	1596
B00DROMXXI	1597
B00DS3GRNU	1598
B00DSIBPB4	1599
B00DTHI00I	1600
B00DUUE44U	1601
B00DUZD1XU	1602
B00DVPZSY4	1603
B00DVR6F0S	1604
B00DWBMTK8	1605
B00DY7WEXM	1606
B00DYEY9QA	1607
B00DYUVGJM	1608
B00DZ0TRYM	1609
B00E0G2HQA	1610
B00E0G2PGM	1611
B00E0G2W4C	1612
B00E0IQWR8	1613
B00E0J15CY	1614
B00E1JOY9O	1615
B00E2WF6DS	1616
B00E2WK9TO	1617
B00E2Y2EZO	1618
B00E2Y9362	1619
B00E2YJO2K	1620
B00E2ZNPEM	1621
B00E3L8KU4	1622
B00E428M2I	1623
B00E42IRKA	1624
B00E42JZGU	1625
B00E42KE3I	1626
B00E4NPELY	1627
B00E4SABRG	1628
B00E4SXFIS	1629
B00E6ENEQS	1630
B00E6H76ZA	1631
B00EA40Y80	1632
B00EAEW1NQ	1633
B00EDIE48Y	1634
B00EF52S4C	1635
B00EI49L4A	1636
B00EI49ME4	1637
B00EIBPW8C	1638
B00EL43GOI	1639
B00EMG3PNC	1640
B00EMG3PO6	1641
B00EMG3QSQ	1642
B00EMG3U7I	1643
B00EMG3UAU	1644
B00EMG3UPA	1645
B00EMG3VZE	1646
B00EMG3WG2	1647
B00EMG3WGC	1648
B00EMG3WHQ	1649
B00EMG3X1Q	1650
B00EMG3X3O	1651
B00EMG3X48	1652
B00EMG3YJ2	1653
B00EMG3Z28	1654
B00EMG3Z32	1655
B00EMG3ZFU	1656
B00EMG40VS	1657
B00EMG40ZO	1658
B00EOHVXPG	1659
B00EP9CUHI	1660
B00ETDGN6E	1661
B00EZ00966	1662
B00EZ4BWH2	1663
B00EZ8E9N2	1664
B00F2OY618	1665
B00F2OY690	1666
B00F2OYRZI	1667
B00F44O0J4	1668
B00F54JEP8	1669
B00F8FIYGO	1670
B00FEBNGDI	1671
B00FEL8BC4	1672
B00FJ12SM8	1673
B00FLWYVNY	1674
B00FLWZ5HU	1675
B00FN5XNBA	1676
B00FQPSPPG	1677
B00FRNYXD0	1678
B00FRO7CT6	1679
B00FROBOOK	1680
B00FRQZM7I	1681
B00FT2SPO2	1682
B00FT2SRAE	1683
B00G3KTUY8	1684
B00G3KTUZC	1685
B00G487P9G	1686
B00G487VXG	1687
B00G4GGMVA	1688
B00GB8DZDO	1689
B00GBXHLBG	1690
B00GFF7EVM	1691
B00GGAGU7A	1692
B00GGMB8P2	1693
B00GIG3TDK	1694
B00GISNG4A	1695
B00GM0ZGMY	1696
B00GM4AE36	1697
B00GMQ3EKE	1698
B00GMQ3G48	1699
B00GOG9WF8	1700
B00GOGAG9E	1701
B00GP20R3M	1702
B00GPG5AOY	1703
B00GPG5G9S	1704
B00GQ1826Q	1705
B00GQ1H3Q6	1706
B00GTCVY3A	1707
B00GYU2DZK	1708
B00GZH4HK6	1709
B00GZITKOI	1710
B00H42OVLG	1711
B00H4GZ62K	1712
B00H4YUTG0	1713
B00H4YUUXW	1714
B00H4YVFHW	1715
B00H4YVFJ0	1716
B00H57CIMO	1717
B00H59VLW0	1718
B00H59VNDC	1719
B00H7PB9CO	1720
B00HA7JR82	1721
B00HABNUTA	1722
B00HAXUDNY	1723
B00HAY1AXA	1724
B00HBHA7US	1725
B00HBIDV9Q	1726
B00HDA2NX2	1727
B00HDA2TN6	1728
B00HDA3LBA	1729
B00HDA3LFG	1730
B00HDA3NP4	1731
B00HDA3NWC	1732
B00HDZ1NA6	1733
B00HE7B6K0	1734
B00HFNYUVA	1735
B00HHTCYCY	1736
B00HHTDIUG	1737
B00HK8K6ZO	1738
B00HMYABB0	1739
B00HO34728	1740
B00HQ9FZQC	1741
B00HQ9G6MY	1742
B00HQ9G7ZU	1743
B00HSFFANW	1744
B00HY56D6O	1745
B00I3UKJIW	1746
B00I4WPLCI	1747
B00I61JX94	1748
B00I8FBS78	1749
B00IAETJ64	1750
B00IG3U6GG	1751
B00II81CP8	1752
B00IMU9C7W	1753
B00IOVG3OO	1754
B00IUFZFPC	1755
B00IXF797Q	1756
B00J3AOBU8	1757
B00JJ3BYL8	1758
B00JJZ3R0C	1759
B00JO8II76	1760
